-rw-r--r--,1,www-data,www-data,1,Mar,30,23:30,FI157618/index.php
-rw-r--r--,1,www-data,www-data,1,Mar,30,22:28,FI627904/index.php
-rw-r--r--,1,www-data,www-data,1,Mar,30,22:12,FI868280/index.php
-rw-r--r--,1,www-data,www-data,1,Mar,30,21:51,FI682097/index.php
-rw-r--r--,1,www-data,www-data,1,Mar,30,20:55,FI714769/index.php
-rw-r--r--,1,www-data,www-data,1,Mar,30,20:03,FI448074/index.php
-rw-r--r--,1,www-data,www-data,1,Mar,30,19:32,FI310272/index.php
-rw-r--r--,1,www-data,www-data,1,Mar,30,18:42,FI65415/index.php
-rw-r--r--,1,www-data,www-data,1,Mar,30,18:26,FI106725/index.php
-rw-r--r--,1,www-data,www-data,1,Mar,30,16:20,FI532840/index.php
-rw-r--r--,1,www-data,www-data,1,Mar,30,15:45,FI797413/index.php
-rw-r--r--,1,www-data,www-data,1,Mar,30,14:24,FI391881/index.php
-rw-r--r--,1,www-data,www-data,1,Mar,30,12:09,FI353699/index.php
-rw-r--r--,1,www-data,www-data,1,Mar,30,11:34,FI501768/index.php
-rw-r--r--,1,www-data,www-data,1,Mar,30,11:10,FI765054/index.php
-rw-r--r--,1,www-data,www-data,1,Mar,30,10:24,FI905086/index.php
-rw-r--r--,1,www-data,www-data,1,Mar,30,09:57,FI445865/index.php
-rw-r--r--,1,www-data,www-data,1,Mar,30,07:43,FI997223/index.php
-rw-r--r--,1,www-data,www-data,1,Mar,30,07:11,FI632530/index.php
-rw-r--r--,1,www-data,www-data,1,Mar,30,06:53,FI624460/index.php
-rw-r--r--,1,www-data,www-data,1,Mar,30,01:32,FI118434/index.php
-rw-r--r--,1,www-data,www-data,1,Mar,30,00:23,FI444569/index.php
-rw-r--r--,1,www-data,www-data,1,Mar,30,00:17,FI285271/index.php
-rw-r--r--,1,www-data,www-data,1,Mar,29,23:23,FI206342/index.php
-rw-r--r--,1,www-data,www-data,1,Mar,29,23:20,FI350509/index.php
-rw-r--r--,1,www-data,www-data,1,Mar,29,23:16,FI585031/index.php
-rw-r--r--,1,www-data,www-data,1,Mar,29,23:16,FI312680/index.php
-rw-r--r--,1,www-data,www-data,1,Mar,29,22:58,FI629987/index.php
-rw-r--r--,1,www-data,www-data,1,Mar,29,22:38,FI67195/index.php
-rw-r--r--,1,www-data,www-data,1,Mar,29,22:35,FI237429/index.php
-rw-r--r--,1,www-data,www-data,1,Mar,29,22:30,FI481554/index.php
-rw-r--r--,1,www-data,www-data,1,Mar,29,22:18,FI577058/index.php
-rw-r--r--,1,www-data,www-data,1,Mar,29,22:16,FI740617/index.php
-rw-r--r--,1,www-data,www-data,1,Mar,29,22:13,FI158164/index.php
-rw-r--r--,1,www-data,www-data,1,Mar,29,22:08,FI864871/index.php
-rw-r--r--,1,www-data,www-data,1,Mar,29,22:07,FI426576/index.php
-rw-r--r--,1,www-data,www-data,1,Mar,29,21:54,FI410658/index.php
-rw-r--r--,1,www-data,www-data,1,Mar,29,21:52,FI305995/index.php
-rw-r--r--,1,www-data,www-data,1,Mar,29,21:52,FI204569/index.php
-rw-r--r--,1,www-data,www-data,1,Mar,29,21:51,FI727059/index.php
-rw-r--r--,1,www-data,www-data,1,Mar,29,21:45,FI114333/index.php
-rw-r--r--,1,www-data,www-data,1,Mar,29,21:35,FI257264/index.php
-rw-r--r--,1,www-data,www-data,1,Mar,29,21:34,FI94379/index.php
-rw-r--r--,1,www-data,www-data,1,Mar,29,21:34,FI834974/index.php
-rw-r--r--,1,www-data,www-data,1,Mar,29,21:26,FI364224/index.php
-rw-r--r--,1,www-data,www-data,1,Mar,29,21:26,FI672028/index.php
-rw-r--r--,1,www-data,www-data,1,Mar,29,21:19,FI796346/index.php
-rw-r--r--,1,www-data,www-data,1,Mar,29,21:14,FI640609/index.php
-rw-r--r--,1,www-data,www-data,1,Mar,29,21:10,FI895250/index.php
-rw-r--r--,1,www-data,www-data,1,Mar,29,21:09,FI918341/index.php
-rw-r--r--,1,www-data,www-data,1,Mar,29,21:08,FI379517/index.php
-rw-r--r--,1,www-data,www-data,1,Mar,29,21:07,FI669306/index.php
-rw-r--r--,1,www-data,www-data,1,Mar,29,21:07,FI362700/index.php
-rw-r--r--,1,www-data,www-data,1,Mar,29,21:05,FI956823/index.php
-rw-r--r--,1,www-data,www-data,1,Mar,29,21:00,FI576699/index.php
-rw-r--r--,1,www-data,www-data,1,Mar,29,20:59,FI252009/index.php
-rw-r--r--,1,www-data,www-data,1,Mar,29,20:54,FI535633/index.php
-rw-r--r--,1,www-data,www-data,1,Mar,29,20:54,FI506857/index.php
-rw-r--r--,1,www-data,www-data,1,Mar,29,20:51,FI372843/index.php
-rw-r--r--,1,www-data,www-data,1,Mar,29,20:51,FI419804/index.php
-rw-r--r--,1,www-data,www-data,1,Mar,29,20:50,FI200729/index.php
-rw-r--r--,1,www-data,www-data,1,Mar,29,20:48,FI394503/index.php
-rw-r--r--,1,www-data,www-data,1,Mar,29,20:48,FI93714/index.php
-rw-r--r--,1,www-data,www-data,1,Mar,29,20:47,FI612112/index.php
-rw-r--r--,1,www-data,www-data,1,Mar,29,20:39,FI438918/index.php
-rw-r--r--,1,www-data,www-data,1,Mar,29,20:11,FI383936/index.php
-rw-r--r--,1,www-data,www-data,1,Mar,29,20:07,FI786099/index.php
-rw-r--r--,1,www-data,www-data,1,Mar,29,19:50,FI96640/index.php
-rw-r--r--,1,www-data,www-data,1,Mar,29,19:34,FI574599/index.php
-rw-r--r--,1,www-data,www-data,1,Mar,29,19:23,FI70488/index.php
-rw-r--r--,1,www-data,www-data,1,Mar,29,19:19,FI432016/index.php
-rw-r--r--,1,www-data,www-data,1,Mar,29,19:13,FI502531/index.php
-rw-r--r--,1,www-data,www-data,1,Mar,29,18:51,FI611761/index.php
-rw-r--r--,1,www-data,www-data,1,Mar,29,18:39,FI378232/index.php
-rw-r--r--,1,www-data,www-data,1,Mar,29,18:32,FI547226/index.php
-rw-r--r--,1,www-data,www-data,1,Mar,29,16:29,FI938950/index.php
-rw-r--r--,1,www-data,www-data,1,Mar,29,16:09,FI223811/index.php
-rw-r--r--,1,www-data,www-data,1,Mar,29,14:59,FI169963/index.php
-rw-r--r--,1,www-data,www-data,1,Mar,29,14:55,FI147252/index.php
-rw-r--r--,1,www-data,www-data,1,Mar,29,14:54,FI995412/index.php
-rw-r--r--,1,www-data,www-data,1,Mar,29,13:58,FI128909/index.php
-rw-r--r--,1,www-data,www-data,1,Mar,29,13:31,FI520783/index.php
-rw-r--r--,1,www-data,www-data,1,Mar,29,12:30,FI923378/index.php
-rw-r--r--,1,www-data,www-data,1,Mar,29,11:36,FI585038/index.php
-rw-r--r--,1,www-data,www-data,1,Mar,29,11:13,FI157246/index.php
-rw-r--r--,1,www-data,www-data,1,Mar,29,10:55,FI304572/index.php
-rw-r--r--,1,www-data,www-data,1,Mar,29,10:03,FI54029/index.php
-rw-r--r--,1,www-data,www-data,1,Mar,29,09:36,FI625939/index.php
-rw-r--r--,1,www-data,www-data,1,Mar,29,06:58,FI412647/index.php
-rw-r--r--,1,www-data,www-data,1,Mar,29,02:41,FI602203/index.php
-rw-r--r--,1,www-data,www-data,1,Mar,29,00:27,FI286542/index.php
-rw-r--r--,1,www-data,www-data,1,Mar,29,00:27,FI400325/index.php
-rw-r--r--,1,www-data,www-data,1,Mar,29,00:25,UK656667/index.php
